RT @Nat_Penhallow: I have no best friends on snapchat #sad #life ğŸ˜‚ğŸ˜‚,1
WOW Iâ€™m actually digging through the @amazon website to find where to complain. NO OPTION. They donâ€™t even want to hear complaints. #sad,1
This election has caused me so much anxiety just went &amp; got Valium on top of the Xanax i already take &amp; I'm not being sarcastic #sad,1
"Russian ""hackers"" or not, it doesn't dismiss the fact #HillaryClinton &amp; her minions are corrupt. All her supporters are being played! #sad",1
I should probably adult now and get to work. #fakeittillyoumakeit #depressed,1
RT @jilllianwhite: it's rlly sad how some girls think they can't be happy without a boy in their life #sad,1
Bruh this is the most twitter activity I've had in AWHILE lmao #sad,0
"1hour late on delivery, damaged goods #unhappy #customer https://t.co/7Bx0ZsXxNE",1
Feeling fed up ğŸ‘ğŸ» #sad,1
Life RT @DeeezNutz4Lyfe: I have the best advice but I just can't take my own lol #sad,0
"@Amourgabrielle that's messed up! she put her page on private and changed her avi &amp; I'm like, I thought she was locked up #SadğŸ˜¢",1
So much hate towards me and I just don't know how to deal with it. It's like I want to just die :'( #Depressed #Autism #Hurt #Sad #Betrayed,1
I need those hoodies in my life ... But do i have money for that? ... this is so #sad https://t.co/SlLPYtkInI,1
@littlemexican_ Haha shush up! ğŸ˜… btw my apple pie blizzard melted yesterday :( #sad,1
I get so excited over doing my washing at uni #sad,1
I would love to go to my schools football games but since work is taking over my life I can't watch any and it makes me #sad :(,1
I'm really worried about my life now #depressed,1
"Anyone out there use Frontier Communications, please contact me if you do, #Very bad company!!!!!!!!! #Unhappy",1
RT @PURETRAP: i just wanna hug someone and just cry man... just let all of my frustration out #sad,1
"I thought I was gonna have a good morning, and then my ex texted me. #depressed #angry",1
"Wtf Gost, you're supposed to be the best kicker in the league! #sad #Patriots",1
Republican silence on Russian hacking &amp; interference is shameful. This should be an American issue not partisan. Wait till it's them. #sad,1
"RT @LifeQuoties: lol i literally cry at everything and it's so annoying. like i cry when i'm #sad, #angry, #stressed, #tired, and even when i'mâ€¦",0
The fact that the American presidential debate seems like a joke to so many Americans is #sadğŸ˜Ÿ#debatenight,1
Unfortunately I won't be in Berlin this weekend... v_v #sad,1
@realDonaldTrump What Dad Let's His Daughter Set His Lap Like This! #Sad #Trainer https://t.co/hMLpRpYSAP,1
#Hilary lies. #Trump utters filth. Can we get a new #candidate for #president ? How embarrassing to have one of them lead our country! #sad,1
RT @mssophialuong: It's so sad seeing the friends you once loved and care for so much throw their life away for the wrong reasons #friends #sad,1
This morning I woke up in great mood until I saw something that destroyed it #depress #Italwayshappenstome,1
my life is so sad: i'm sitting on our couch wrapped in a giant blanket. #sad,1
I didnt know who this skater was but I'm bummed he's gone before I even knew of him because he's so fine #sad,1
"RT @HYSHO: How do you respond to a friend who is #depressed? ACT: Acknowledge, Care, and Treatment. Learn more https://t.co/hJxr9gFP0M #Stoâ€¦",0
So we are at the #ER. Waiting for results from the #xrays taken. #baby #sad #fastbreathing #rapidheart,1
loosing games with 30/0 miss fortune #sad,1
The feeling when you see the first boy's comment on your daughter's instagramğŸ“± #GrownUp #Teen #NotAChild #Sad #ğŸ˜ª #ğŸ‘¸ğŸ¼ https://t.co/dhY7gGLerI,1
These niggas act like paper all they do is fold #OutDaGame #Sad ğŸ“¢ğŸ˜´,1
Sad how your surroundings don't trust you even thou you put everything on them! #sad ğŸ˜ª Fuck it thou it's LIFE,1
"Depression is real and happens to millions. You are not alone, I promise it gets better, keep your faith ğŸ’—https://t.co/CgeQ6fxBC0 #depress",0
RT @DepressingVines: I hate when people think cutting is for seeking attention #depression #depress... (Vine by @xox_sophiex) https://t.co/â€¦,1
#1YearOfHeyEverybody so...it's 1 year I've been screaming EVERYBODY to every HEY I heard...my life is so #sad,1
"@Pixiwoos @YouTube Yes it is 100% it's a horrible everyday struggle like you're trying to climb a mountain,never reach the top #depressed ğŸ˜£ğŸ˜­",1
RT @AsaSoltan: Wow. @KellyannePolls is a master spinster. How does she sleep at night? #sad,0
RT @_katieward_: Happy but yet sad is the story of my life #sad #happy,1
Reading old texts and getting #SAD,1
Such a sad day... partner decided to use this from @schuh on his new white #nikeairforce1 and doesn't work.... nowâ€¦ https://t.co/IQbMkpJyXC,1
RT @jadaamurray: No drinking game tonight bc I'm not with my friends #sad @_brinaxox @thedempseyy https://t.co/Bai3qtycum,1
"I deleted all of my travel photos, all of my photos with Delbert, Sam, and my family. Also photos of my pets. I'm gonna cry :~| #sad",1
"@CNN What's with those hand gestures, lol @realDonaldTrump @GOP #noclue #sad #loser #whinylittlebitch",0
"""My Child Won't Talk to Me""...here's what you can do to change it all. #behavior #angry #kids #sad #coping https://t.co/Wmru9GcdVB",0
I'm so #sad and #tired and I hate life,1
Feeling #Depressed ? Or suffering from low self esteem? These motivational quotes can help you in that https://t.co/V0Kz45hi31,0
Ugh #unhappy #smh #StressedOut,1
"@momUNblogger @BostonDotCom and I suppose you think the mainstream media and Clinton campaign ALWAYS tells the truth too, right? #sad",1
"extremely disappointed in the costumer service provided by @Columbia1938, I have tried to reach out 3 times #unhappy #neednewcoat",1
"A good friend of mine passed away yesterday, Rest in peace Soap #ripsoap @InfinityWard #sad #depression",1
i'm sad but I still smile Thats life. #sad,1
why does everyone hate me...? #depressed,1
Not seeing @dulciejackson2 over the weekend makes me sad she makes my life ğŸ˜©ğŸ‘¯ğŸ’— #depressed,1
RT @mtcspt: When people actively disrespect you...you call them out and they act like you are the problem #wow #smh #sad #really,1
what happening with us and we cant sleep all night ? ? ? :-( #Sad #foreverAlone #TheEndIsTheOnlyTheStart #Alive2017 #alivenetflix,1
I really love my #Note7. It is such an awesome device!! And mine doesn't heat up at all! #sad,0
So @OfficeMax charged me twice for my purchase and won't correct the issue. Horrible customer service! #badcompany #unhappy,1
@Apple @AppleSupport case 100039224229. Worst service in india. Cant setup a mail #unhappy,1
BEST DAY EVER TODAY! EVERYTHING HAS JUST GONE MY WAY! COULDN'T BE ANYMORE HAPPY! #depressed,0
Didn't expect that losing weight is f*** hard when u want to eat even though u're not hungry. #loseweight #soml #depress #:((((,1
"why you would vote for this guy?#sad Unshackled, Trump unleashes aggressive attacks on own party https://t.co/YCXjq2YmeG via @SFGate",1
RT @BrennenMChavez: we live in a time now where girls dont even try to stay lowkey about being a hoe.. they just embrace it #sad,1
Coffee is good life is sad #coffee #life #sad,1
Please help me...I have crippling depression....#sad #depressed,1
RT @mabde33: Extremely sad but happy to move onto the next stage in my life #loveiowastateforever #sad http://t.co/7vncUcMhCD,1
How has that weekend come and gone already? ğŸ˜³ #depressed,1
@keishawithani 's memory is going. So #sad. So #young. So much life left to live. ğŸ˜‚ğŸ˜‚ğŸ˜‚,1
"@TheFive you're right @ericbolling I am a Christian, and this is SHAMEFUL; it shows how dark their hearts are, from their leader down. #sad",1
start being excited about what could go right. #life #happy #quotes #inspiration #motivation #love #win #sad #quote https://t.co/yUheMRi1yr,0
Today is already a write off because I can't get my makeup right #boo #makeup #sad #todaysucks,1
So hi everyone in feeling a little #depress right now can you guys help me feel a little better,1
@StarbucksUK I love your coffee...I do not love the half cupful letdown I've just had at Leicester South servicesğŸ˜¡ğŸ˜¡ #unhappy #starbucks ğŸ˜¡ğŸ˜¡,1
The reduced internet connection they have put me on to save costs it's ridiculously slow and you can't watch Netflix @virginmedia #unhappy,1
RT @emjenkins29: this stormy weather is an exact representation of how i feel today #sad #stressed #bleh,1
RT @sincitycomedy: @realDonaldTrump @BreitbartNews now you're just a wet cat in the corner scratching at everything. #sad,1
Final exam tomorrow. Wala pa ring review. #Depressed,1
How can you support a corrupt woman who essentially invalidated every vote you received? How much money did it take? #sad @BernieSanders,0
RT @onlinenesss: ~Sometimes I feel so depressed.~ #pale #palegrunge #alternative #alternativegirl #palegoth #depression #depressed #â€¦ httpsâ€¦,1
If you ever wondered what #batshitcrazy smells like just get near @RealAlexJones #crazy #cologne #infowars #sad https://t.co/osv5ersate,0
Cant keep going. Anymore its way to hard. #depressed,1
"But if you get raped she will never protect you! She will laugh at u, Shame u, call u names, &amp; silence. Sry ur braiâ€¦ https://t.co/hcUg1tV2FH",1
I always think of how much better my life was at this same time last year and it makes me so #sad,1
When your friend doesn't reply all day. #sad #thisisaboutyou #imissyou #subtlesadsubtweet #messagemeback,1
Feel so full of dissatisfaction #unhappy #lifeproblems,1
"RT @jvyyybvbyy_: I will be stressed for the next couple of days , so my patience will be short ...#sad",1
.@KellyannePolls It's all about the ğŸ’²ğŸ’²ğŸ’² for her. #sad #NeverTrump https://t.co/yznAnaZNAl,0
RT @thedailyjaws: R.I.P. Very sad to hear of the passing of Gary Dubin aka Eddie in JAWS 2 ğŸ˜” #jaws #jaws2 #actor #rip #sad #movie #love #reâ€¦,1
Educating the ignorant 1 person at a time. #sad @EYE_KILL_IT @cheyannebiancab @realDonaldTrump @KellyannePolls @CLewandowski_ @DailyNewsBin,0
30 people show up to a discussion that's meant for 110 people #sad,1
RT @icisdontcare: I fr act like asias house is mine got my own lil room and everything ğŸ˜­ğŸ˜­ #sad,1
These cold mornings are already killing me #sad #takemeaway,1
"You are not ungrateful, weak or a bad mom for being #depressed during #pregnancy. https://t.co/auVjl30M2B @Bravotv #RHOC",0
"""She dm-ed me and tell everything what is wrong with us"" Only happen in my dream and i think it will stay as a dream #sad",1
Soooooooo disappointed in @P_Wicks01 really thought you were different. #sad,1
"RT @BestTextMsgs: it's kinda sad when you realize the person you used to tell everything to, now has no idea of whatâ€™s happening with yourâ€¦",1
@WazzaH46 @theage May be itâ€™s just my old age but the world seems to have taken a sudden turn into ugliness. #sad,1
"@FitbitSupport My tracker won't sync properly, alarms don't go off on my device and the clock display change doesn't go across #unhappy",1
"RT @DepressingVines: ""It just gets worse and worse"" - VM me if you need to talk, I'm always on. c: #depress... (Vine by âœCatch Meâœ) https:/â€¦",0
"So @virginmedia, how is my service going to improve to justify the extra Â£3 a month? #unhappy",1
RT @sammib4: i hate when my friends go through heartbreak because there's nothing i can do to take away the pain â˜¹ï¸ #sad,1
Why do these idiots think that followers and tweet counts matter to anyone but themselves? #Sad #Triggered https://t.co/GcrP4kOmP7,0
"It's #sad, this #world we live in. Being #kind will never disappoint. I wish people were nicer &amp; cared about othersâ€¦ https://t.co/KEubM1oivT",1
"RT @yoonminet: this gif added 10 years to my lifespan thank you yoonmin, i am blessed, i'll never be #sad again, life is good https://t.co/eâ€¦",0
My Econ mid term is going to ruin my life. It's on my birthday. #sad,1
"Leaving Florida today, here's the weather for the week. #depressed https://t.co/N0Ulb0KE94",1
@klewis3Cs bro I need her in my life it's actually #sad,1
"Again, your response is nonsense. You're a silly person w/no credibility. #Sad @CorruptionMore @RVAwonk",1
Parenting now?? This woman must really hate herself ... Why else attack a woman and vote for a pussy grabber ? #Sadâ€¦ https://t.co/FfQRGMLcQX,1
my SIX year old sister obtains a higher level of intellect/common sense than any and ALL trump supporters #sad https://t.co/suFz4XHseJ,0
These movies worth watching... #lovestory #somewheredowntheroad #mademecry #sad #merlystreepâ€¦ https://t.co/S9HhmCiN6b,0
@maroon5 I #DontWannaKnow WHY I can't get the song on Amazon Music--I just want the song!!! #Sad,1
"RT @ianbremmer: Cmon Ted, you had every opportunity to win. And...not to endorse. #Sad https://t.co/Rbkygy6ZvS",1
It's very sad how quickly a beautiful life can be taken away from this earth #sad,1
How we gonna live without this? #Sad #XFactor #xfactoruk2016 #UK https://t.co/KQULxiejPY,0
"@WellsFargo let's it's CEO and chairman go, for doing his effing job. #sad",1
@TheMmafia dont call me a fool. Do you think you are cool or something???? You treat people like trash unless they agree with you. #Sad,1
everything in my #life sucks lmao so #sad,1
I really don't know what to say about our generation #sad,1
I keep reading. Are we really this stupid? #HillaryClinton #DonaldTrump #Sad,1
gonna sit in traffic now and sip my gross drink #sad still happy tho because nice weather ğŸŒğŸŒ,1
"@iPhoneTeam The new iOS is slowing me down. The widgets prevent me from signing in faster. Also, screen shot capability is gone. #unhappy",1
I miss everything #Indianapolis had to offer except the snow and ice!!! This girl is not meant for small town living! #depressed #sad #ugh,1
Can't country separate instead of fighting and killing each other if disagree with you couldn't #yemencrisis #sad,1
@volkswagenindia @VW @Volkswagen Recalling cars for engine issues. Lack of transparency and features inclusion clarity. #concerned #unhappy,1
When your favorite player gets traded to a Canadian team ğŸ’”ğŸ‡¨ğŸ‡¦ğŸ˜« #depressed #lucic #misshimalready,1
"@davidsirota interesting how you don't believe US intel sources, but you do believe Putin's words. #sad #lame #NotAGoodJournalist",1
The feeling I have leaving Miami is the feeling I have when returning home from a vacation #depressed â˜¹ï¸,1
Been at my store for an hour with the other two openers and NO MANAGER! #Unhappy https://t.co/0QIagRTDvG,1
just want to have your attention #textsneversent #sad,1
1 month out of warrantee and my @microsoftband keeps turning off saying battery ran out when it is fully charged #unhappy #broken,1
im so farking #sad all the time when will my life end,1
@hawaiidelilah #Trump doesn't have friends. He has contacts. #Sad,1
i used to be so happy but everything in my life has been spiraling out of control and im sad all the time and i dont know what to do #sad,1
You did everything you can but seems like its still not enough #Depressed,1
@Mark_Corcoran broke myself playing roller derby :( I'm supposed to be flying to France Thursday for a match too #sad you all good welsh?,1
HAPPY 76TH BIRTHDAY JOHN LENNON #sad #beattlesfan,0
@dominos your employee just harassed and screamed at me for getting my order wrong and now making me repay for their mistake. #unhappy,1
RT @CheyenneIsADork: When you cry so hard you give yourself a headache... #depressed,1
My cat very sad ğŸ˜–ğŸ˜’ #cat #sad #GBBO https://t.co/cUKSXzrAkx,1
@anathemq and you know your best friend would be super fucking #sad without you in their life *cough* please never leave me,1
The fact that our #society #demonizes other #cultures is #UnAmerican and not #Christlike. Truly #sad! @crampell https://t.co/i4fxNJeLMd,1
I hate the fact that I see people in relationships everyday at school because I know I will never have one. #depressed,1
When I realize that I'm out of coffee in the morning... #mygod #depress https://t.co/hgc3K8SVf1,1
I have everything I need/want and i still feel like I have nothing #sad #nothing #feelingempty #feelings #help https://t.co/45O4iEYZfM,1
@emmastrohman so Google is your research tool? #sad,0
@JCOVMUSIC I have never in my life been so dismayed by the choices available to the American voter for the office of the President. #Sad !,1
So sad when a guy u like likes u and then people tell him u like him and then he just stops talking to u. #Love #Life #Sad,1
"RT @Iunacy: So, this is my life. And I want you to know that I am both #happy and #sad and Iâ€™m still trying to figure out how that could be.",1
RT @KristaKaroFL: Incredible..my 1 tweet on this gained more attention in one morning than all of MSM put together. #SAD https://t.co/l2OaPâ€¦,0
So emotional after watching @13THFilm. A must watch film for every classroom in America. #Shocked #Sad #Education #StopRacism2016,1
been at work since 11 and im not off till 7 :( #sad,1
RT @DoctorNorman: As the days get longer and colder I tend to offer more information about Seasonal Affective Disorder (#SAD). https://t.coâ€¦,1
RT @jasmineneecole: So sad one of my friends from high school passed away ğŸ˜ª life really is short man #sad #LifeIsShort,1
Working 9-5 Monday to Friday in an office is torture for me. #depressed ğŸ˜’ğŸ”«,1
When your heart has been numb so much it hurts #depressed #depress #depressing #depressi... (Vine by Jay) https://t.co/XgF4ErSx7M,1
Told my son it was John Lennon's birthday. He asked who that was. #sad,1
I have no friends .. I've never felt so lonely in my life #depression #depress... (Vine by ÃÃ«prÃªÅ¡Å¡Ä“Ã°_MÃªÅ¡Å¡) https://t.co/phHul3xXRg,1
What do you call an Irish sniper? Eamon. ğŸ˜‚ğŸ˜‚ğŸ˜‚ #Sad.,1
@HealingMB Awww-- now this is what most adults need to see and take lessons from children so young! Especially in this election year. #sad,1
"@SamsungMobile when you gonna #launch #galaxynote7 #India waiting from long time, its #hurting. #unhappy #helpless",1
The last flowers of summer. #sad #beautiful #nature #fall https://t.co/o8C5NQUjvh,1
#NFOP still supports #DirtyDonald #Trump - no wonder women don't have confidence in the police when it comes to seâ€¦ https://t.co/jZlbybvOzm,1
I'm starting to question whether I was some serious cunt in my past life? Because if I was I'm certainly paying for those sins now! #Unhappy,1
@CBSTheOpenRoad @BondiVet That is soo #sadğŸ˜­ hope there wasn't anyone's life's lost including animal's!,1
Just inhaled 100 chicken wings because I'm sad ... #life #sad ğŸ‘ âœŒ,1
The problem wit today society you always got to steal ya joy bring you dwn jus to feel good about theirself #sad ğŸ˜©,1
I don't have a boyfriend. #sad,1
When you can't watch TATINOF cuz its on YouTubeRed ğŸ˜­ğŸ˜­ #depressed #TATINOFTwitterParty @danisnotonfireâ€¦ https://t.co/o37KpTdtkw,1
@OdetteDelacroix @Uber ...that is pretty mean. He must have not known who you were. #sad,1
Such a messed up world https://t.co/H3la02bd0B #drugs #overdose #suicide #drugsarebad #justsayno #nodrugs #dea #dope #cannabis #sad #child,1
WTF ğŸ˜‚ğŸ˜‚ğŸ˜‚ğŸ˜‚ People get offended by anything #sad https://t.co/MzGw7uKLlv,0
Someone needs to tell @realDonaldTrump how stupid he looks in baseball caps #Sad https://t.co/CtsPwCsbew,0
Trash defending trash. #SAD https://t.co/o8iXDYzfmY,1
This is the only thing always available for me... ğŸ˜” #sad #meâ€¦ https://t.co/bY3HokGWnS,1
RT @KevinWarholReal: FAKE: Please help me to REPORT this FAKE account! It's NOT MEEEEEE #sad #sickofit #fake #Instagram @instagram https://â€¦,1
This is the Mondayest Friday I've ever had in my lifeğŸ™„ğŸ’© #needtodosomethingnice #unhappy,1
Not getting a @GlastoFest ticket! is like getting noting for Christmas not even a card. #unhappy #sucks #fml #nogoldenticket #elliegoulding,1
"This is how shit my life is, I become a towie commentator occasionally laughing at other people's life when my life is more tragic #sad",1
Tommy from Martin died.ğŸ˜¢#sad #RIP,1
watching it on TV bring it real how bad it was and ruined a village #sad day,1
I'm missing out on my favourite holiday. #depressed #ilovethanksgiving,1
@SirsiDynix I am the librarian at my library. My kids can't access my database page. We keep getting error messages. #notgood #unhappy,1
I hate it when people say life gets better because it's not true. Life never gets better. Its all pointless and not worth it! #depressed,1
When you are recording and your PC shuts down.. ahhhh! #rage #sad,1
I need more clothes for winter but no money #sad,1
Sometimes i think why was i born for u to miss treat me ğŸ˜ğŸ˜ğŸ˜ #depress,1
@FNTHEHALLS @janeface15 that's just #sad. Even #Giuliani said it was a description of his sexual assault,1
RT @REDD_2U: I really don't know what to say about our generation #sad,1
This is the saddest story I've read because it's true. He really could shoot someone on 5th Ave. #sad https://t.co/7OnUgxHKRn,1
RT @Bourdain: Stick to food! Looser! #SAD #MakeAmericaGreatAgain https://t.co/XR80Q5rZMN,0
@virginmedia worst customer service received from a company for many years on the 0345 billing line today. #leaving #leftonhold #unhappy,1
So I've just realised that Christy's mom has been her only true friend all season. #sad #LittleWomenLA,1
Pretty sure it's impossible for me to be sad right now life is so gooood #life #sad,0
"i'm just sitting here in the dark, thinking about bucky and my life choices with some sad music in the backgroud idk what to do with myself #sad",1
@elegantcoretta @susansapienza @foxandfriendsâœ¨But on religion...Hills camp pretty much mocks anyone that believes in God esp Catholics! #sad,1
I guess the familiar face returning to GSM throwing many of the doctors for a loop in ep 13.06 is Leah Murphy...? #Surprising #GreysAnatomy,1
Innovative Italian fashion company launching franchise Changing Retail Share #surprising #business #francise #retail http://buff.ly/2dWyV1oÂ pic.twitter.com/JqpsvzhqDi,1
This is a #surprising book on many levels. #PsychologicalThrillers @nijay http://amzn.to/2dFCV2L?tag=ep0cf-20Â â€¦pic.twitter.com/QjxMNqzVsh,1
"5 yrs nowadays seems a lot, however, still #surprising #ByeByeSmartphoneshttps://twitter.com/eskimon/status/785863761571700736Â â€¦",1
"@GaryLineker new Scotland manager, didn't you hear?! #surprising",1
Hi @DanaTheTrainer could you please confirm what you used to keep in your Thermos please? @AThompsonDandT doesn't believe me #surprising,1
So we are ranked in the top 10 and the only team we've played that has a winning record is Wyoming?? #surprising,1
"Yes! A very ""deep, shocking, and politically #Surprising #NOSEDIVE!!!https://twitter.com/postpolitics/status/785314301208821760Â â€¦",1
AG starts an affiliation campaign with a current #opportunity in all main cities. #franchise #chance #surprisinghttp://buff.ly/2d3Xq6GÂ pic.twitter.com/y3IoPMgMph,1
BEING OUR FASHION SUPPORTER YOU GET FREE ITALIAN #SHOES. #Surprising #freestuff #freebies #exclusive #Please #chancehttp://buff.ly/2d3P2UIÂ pic.twitter.com/no5kdzBy6k,0
"That was actually funny, and open by Hamilton guy also good. #Surprising @nbcsnlhttps://twitter.com/Mediaite/status/784963223011389440Â â€¦",1
House to myself for the last 4 days and I haven't burned the house down and it's super clean #surprising,1
#Inspect #love & #sow #surprising #tabbed #data im 'Modern World:Entertainment -Fashion' daily http://paper.li/ModernWorldHub/1341053970?edition_id=d7c778e0-8d46-11e6-8981-0cc47a0d1605Â â€¦ #jamesbond #indie,0
Great animation showing key stats about Britain's population #surprising #divided?https://twitter.com/channel4news/status/783698304710291456Â â€¦,1
Pochettino is still so underrated #surprising https://twitter.com/ElishaGianluca/status/783275001814233088Â â€¦,1
"@MGliksmanMDPhD  Mother lived to103.  (Yes, had one ... #surprising.)",0
@MarianKeyes I literally don't notice him because I'm too busy girl-crushing on the wondrous Oti. #Surprising,1
The #surprising #secret to staying #focused all day @bizzwriter http://www.inc.com/peter-economy/the-surprising-secret-to-staying-focused-all-day.htmlÂ â€¦ via @Inc #stayingfocused #inspiration #motivation,0
Whats is so spI abt 2nd oct? I asked to few of my frnds..here r d top replies;1) #BigBillionDays2) #sunday3) #GandhiJayanti#surprising,1
The #Power #Paradox: The #Surprising and Sobering #Science of How We Gain and Lose #Influence https://www.brainpickings.org/2016/09/28/power-paradox-dachter-keltnerÂ â€¦pic.twitter.com/p7EL4Ql4RX,0
The #Surprising #Health #Benefits Of #Kiwis Video http://ow.ly/UIlm304KpVeÂ  #HealthBenefits #Kiwi #Fruits #HealthyFoodpic.twitter.com/AJxNgNk9d5,1
How do you know what #skills you have unless you push or #challenge yourself? Working #solo it can be #surprising... https://goo.gl/ndtOsnÂ ,1
5 #surprising things you should know about #Generation Z @bizzwriter http://www.inc.com/peter-economy/5-surprising-things-you-should-know-about-generation-z.htmlÂ â€¦ via @Inc #generationz #professionaldevelopment,0
This year I am on time to change tyres! :-) #surprising pic.twitter.com/qFkiV1hcQ9,1
The reason this lifelong #Android user #jumped #ship to #iPhone7 is #surprising BGR @rrabg5 @pmrh @JoseLuisBaraja3https://apple.news/ANd727TQoMPaR54KP4rMiUgÂ â€¦,1
"#Surprising #Newspaper #Endorsements and the #Presidential election05 :47 #Play september 30, 2016 #Share #Electionhttp://wbur.fm/2dxJjb6Â ",0
Good business for a cancer #hospital & Trump#surprising #healthcare #revcycle #medicine #himss #nehimss #hospitalsâ€¦https://lnkd.in/dn8YT6AÂ ,1
@GlennThrush the paper back is less expensive than kindle ? #Surprising,1
@SwiggyCares dint receive ur rply yt. Is tis how custmrs are treated?  #Surprising rather #Shocking 6 swiggy accnts will b deleted shrtly,1
Man this guy #keeps #surprising me #apple mood #SteveJobs the best impersonator ..! What up doe @iKevinBailey you readypic.twitter.com/ftLHUvO3q6,1
8 Surprising Factors That Can Affect Your Home's Value. #tips #realestate #value #homevalue #surprising #homehttp://ow.ly/32BR304wTzMÂ ,0
#Corbyn's speech is actually quite good. #surprising #labourconference,1
"Donald Trump Wins the 2015 â€˜Lie Of The Year,â€™ #Surprising No One http://on.mtv.com/2cCaRPNÂ  ##funny",0
I wonder how trump got on the plane with that man sitting behind him. #surprising https://twitter.com/historyinpix/status/780841213737967616Â â€¦,1
Absolutely loved #howtodateafeminist at the @arcolatheatre - it's #funny #moving #surprisingâ€¦ https://www.instagram.com/p/BK1k5B0gioA/Â ,1
Surprising QuÃ©bec  #QuÃ©bec #QC #Canada #Typical #RoadTrip #Friends #Surprising #Sunsetâ€¦ https://www.instagram.com/p/BK1h7rcjTdC/Â ,1
"For when it all goes wrong...""Sometimes litigation may be the right option"" #surprising advice https://lnkd.in/draFeFGÂ ",0
@IAmJericho is overjoyed by his win over @iLikeSamiZayn. #surprising @WWE #ClashOfChampionshttps://twitter.com/WWE/status/780217792461049856Â â€¦,1
My daughter taking me to a house full of my loved ones for my 60th surprise bday! #surprise #birthdaypic.twitter.com/jM70nmfIpF,1
Be watching my Twitter from 9-10 pm #surprise #surprise,0
When your boss says you can have Friday off #surprise #LongWeekendpic.twitter.com/L9D4ixRrcc,1
"Roses are red, violets are blue. I'm more attracted to your girlfriend than I am to you.#NationalComingOutDay #surprise",0
Lily thinks I'm taking her to see Bridget Jones on Monday... I'm actually taking her to see Justin Bieber #bestsisterever #SURPRISE,1
You would hold my hand and sing to me... #Comingsoon #surprise pic.twitter.com/UisNpktKBL,0
"After one month of being apart at school, I finally got to see my baby today @TimTheTiger51 #surprise pic.twitter.com/dKOm1ujjkw",1
We have a #Surprise for all the Participants ! Wish to know what it is? #ShowYourLove,1
They are some remixes of @zaralarsson 'Ain't My Fault' out today  #surprise #AintMyFault,1
Crazy Party at @crazyhorseparis Show by @ChantalThomass With girls and my baby bump  #25weeks #pumpmybump #pregnancy #surprise pic.twitter.com/XpiV8eT0ri,1
Anybody at @INDairport? I just signed all the No. 22 @HPE cars for sale ha! #surprise #whynot @IndyCarpic.twitter.com/gAqLYkbVvb,1
An actual birthday #surprise ..  pic.twitter.com/E9TwslcZAA,1
Party Planning was a success!  Phew! #surprise #moms50th,1
I love them the most!:::#birthday #surprise #girls #love #friendship #friends #family #24â€¦ https://www.instagram.com/p/BLDHsVOB99t/Â ,1
"Holy crap!!! Ted Mosby is in ""Not Another Teen Movie!"" I've never seen him in anything else!  #surprise",1
What are YOU doing here?!?!?! #dollyparton #hollywoodbowl #besties #bff #surprise #wine https://www.instagram.com/p/BLDE22aj4f_/Â ,1
Thats for history all around the globe as well #Surprise https://twitter.com/SaireMusic/status/782430076797349888Â â€¦,1
A blurry pic taken before I got kissed on the head by that stranger in the blue #surprise #thanksmanpic.twitter.com/9QQCsRxFNP,1
So thrilled about my #orchids blooms .. good position #nogreenthumb #surprise #loveflowers @â€¦ https://www.instagram.com/p/BLC5m3Ug78v/Â ,1
A great birthday celebration tonight for our shareholder Jim! #Surprise from everybody! pic.twitter.com/GdAIggf4AM,0
Need a spacious home in #Surprise AZ?  5 BR / 3 BA Remodeled... check it out... #Realtorhttp://mary.joshuasmithrealestategroup.com/details.php?mls=22&mlsid=5471467&ppc=FB&addht=5471467Â â€¦pic.twitter.com/luCJBsl7g0,0
"We've got new #meals headed your way (but we can't tell you yet - it's a #surprise)! In the meantime, let us (cont) http://tl.gd/n_1sp5kmdÂ ",0
Love my #hairdo for last night #surprise #birthdayparty for Mr. #laksamanasukardi in #bimasenaâ€¦ https://www.instagram.com/p/BLCyNhLhdaU/Â ,0
Fun night in the hood with local #friends dropping by #surprise #melindaandken https://www.instagram.com/p/BLCxZuAg0pQ/Â ,1
"A toast to my brother, the richest man in town. #HBDDB #Surprise https://www.instagram.com/p/BLCxMJRh9UW/Â ",0
"just when you thought I was going to do laundary, there are no pods in this container  #surpriseâ€¦ https://www.instagram.com/p/BLCwTyShxQC/Â ",1
Awesome surprise!â€¢â€¢â€¢â€¢#la #sunset #fun #downtownla #helicopter  #surprise #vsco #vscocamâ€¦ https://www.instagram.com/p/BLCsSLyjL9q/Â ,1
.@MakeupIcon Thank You!  Look what arrived today!#happymail #surprise #makeup #giveaway #beauty @Brianasan pic.twitter.com/7HKtH0pPpx,1
My love bought us a puppy while I was at work  #surprise,1
"Saturday night. Yay!!! #surprise vacation @ Arizona Biltmore, Aâ€¦ https://www.instagram.com/p/BLCo5rUj1eXPYVpNt8dNsjCnAaAX2C5Kgn3ikE0/Â â€¦",1
Awaiting the outcome of my first attempt at sponge cake... feeling nervous! #why #spongecake #baking #birthdaycake #surprise #pleasework,0
#Surprise the #children in your life this #halloween #Shopkins special edition #pumpkins in a #gift bucket http://www.ebay.com/itm/-/322280073881?ssPageName=STRK:MESE:ITÂ â€¦pic.twitter.com/4tcexo319b,0
Yay! Debbie's 60th birthday surprise was a hit! #surprise #pinotsbayshore #paintniteâ€¦ https://www.instagram.com/p/BLCdf_jA5rM/Â ,0
#yfw everyone is blurring the middle centre of the #pixel because it's a notification indicator #surprise https://twitter.com/androidcentral/status/782274130410364928Â â€¦,1
"Happy 70th birthday to my Dad, what a man... #dad #legend #70s #surprise #70stheme @ Achill,â€¦ https://www.instagram.com/p/BLCZfN_hH35/Â ",0
We pulled it off! Best surprise ever! Happy 60th Donna... We love you! #surprise #limoâ€¦ https://www.instagram.com/p/BLCYrD5BEkB/Â ,1
At @TheKeg for @dderyaw #40thbirthday #surprise,0
Will have blog posts up tomorrow keep an eye out for them #blogger #blogs #beauty #skincare #fun #surprise #topics,0
#SURPRISE !!  AMAIZE now has #Stickers!!  You can purchase them from http://www.amaizemag.bigcartel.comÂ  for only $2 !! (They are removable too!!) pic.twitter.com/ikDLr1piK5,0
This Saturday was definitely a #Surprise! Chase will be expecting a visit from the tooth fairyâ€¦ https://www.instagram.com/p/BLCNdrVAlO-/Â ,1
We will have a little surprise tonight at 10! #metal #surprise,0
AVALON has a surprise for you all tomorrow. Be sure to check back   #cats #catlovers #ilovemycat #surprise pic.twitter.com/XjlQFwzs1E,0
More #racism from the @realDonaldTrump campaign. What a #surprise  #tcot #gophttps://twitter.com/capoliticos/status/782282695816585216Â â€¦,0
The cats out the bag! He finally knows we're going to Rome in the morning  #happybirthday #surprise @Kylehtattoo,0
I will have a #HappyOctober if and when @wikileaks drops a big #surprise to help #TrumpTrain derail #cryptkeeperHillary.,0
Actually managed to train tonight & did quite well w/it. I'm #surprised that I did everything that I did today w/as #awful as I've felt :(,1
Lucky winner of our free bouquet competition! #surprised #winner #norwich #florist #buylocal #flowers #sunflowers #bloomspic.twitter.com/vJujmMsefv,0
Can't believe that nobody so far has mentioned that trump is an English word for fart.#justsaying #surprised,1
Thanks guys for the awesome birthday wishes & You guys are so sweet! Very nice #GIF  love you #shiva #surprised #compliment #mademyday https://twitter.com/skycinemas/status/785548421990002692Â â€¦,1
"#European & #American just STOP going to #Muslim countries, you have been warned a 100 times already, don't act #surprised if u get #knifed!https://twitter.com/JPY_Kurdish/status/785317534241218560Â â€¦",1
"Had a chat with a friend earlier who said model trains just for old people.Showed him my follower figures: 60% <50, most 35-44 #surprised :)",0
"feeling #surprised  , look at @DOTA2 and #CSGO items  and prices of here : https://www.g2a.com/r/user-57ab386db6caaÂ â€¦",0
Hey there are still a few State fans in the stands.  #surprised,0
"Having watched the trailer at least a dozen times, I think my favorite scene was the Rita scene. #PowerRangersMovie #Surprised",1
"@mattarellano120 she almost outclassed those brazilians in fitness and tone matatangkad lng talaga cla hehe and yeah, the abs..#surprised!",1
Wow! Thank you so much! We are genuinely #surprised #hbbea2016pic.twitter.com/ydyE1rIKVl,1
"Whelp. I have to thank @comcastcares, though it took a while, you fixed the problem and credited me accordingly. Thanks! #surprised",1
Customer contacted us about a fruit that had appeared on their plant for the 1st time in 10 years #Akebiaquinata #Surprised pic.twitter.com/prDFpPKo9e,1
"Just said ""Chip and Joanna Gaines"" for the first time on air and I've been here 5 months #surprised #fixerupperpic.twitter.com/GInuosoSnS",1
"first game, first win  #surprised",1
Well done Soundtrack. Something cheaper than Amazon and in stock before them. #surprised,1
#surprised I didnâ€™t realize that 3d printing of soft things has come so far. http://www.techtimes.com/articles/180665/20161004/mit-researchers-develop-shock-absorbent-3d-printed-robots-soft-skins.htmÂ â€¦,1
Wow! Called EA to report the FIFA 17 crash on FUT draft and they gave me my money back straight away. #surprised,1
I did not notice that at all I am #surprised https://twitter.com/orgasumluke/status/782400700282183680Â â€¦,1
@deptulahasrage wait to give your thoughts on the FSU-NC game after 5pm Monday. I will be able to hear your thoughts! #Surprised,0
That was actually a good read and keep by Mayfield. #surprised #Sooners score.,1
#amazed not #surprised how clean #downtown #wpg is after @NHLJets game #thanks #fans and @DowntownWpgBIZ  clean teampic.twitter.com/eDjOosJJdR,1
Hillary Clinton's condescending and judgmental #BasementDwellers audio about to be covered by @PoppyHarlowCNN on #CNN. #Surprised,1
"He #surprised us on his lunch break to watch #39 #dominate at his #football #game gah, I fall in #love a little more everyday  #MYApic.twitter.com/X63dDFEgKd",1
Woah didn't expect idol audition to be held in our island! #surprised,1
#surprise #surprised  #2 days early X lol @ Titanic Exhibition Centre https://www.instagram.com/p/BLB7F0GDL8D/Â ,1
"General Grant is @ShilohNPS today. If you see him, ask him if he was surprised by the Confederate attack! #NPS100 #surprised pic.twitter.com/v0ZugTndeh",0
@UNolizer @JMemblatt So now we know how China plans to pull out their economy-by selling weapons to terrorists. #Surprised? I'm not.,0
Hmm... local GOP/Trump walkers going door to door in Arlington today... #Surprised! #GroundGamepic.twitter.com/GLbiBWAsBp,1
Watch These Two Fans Be #Surprised by Their Favorite TV Show Host | Good News Network #Ellen http://buff.ly/2dd2aNCÂ pic.twitter.com/LKKBQv4dbg,0
He's so special I had to step out of #comfortzone. #surprised the #birthdayboy with a cake andâ€¦ https://www.instagram.com/p/BLBemFYAf5e/Â ,0
Shameless is actually so good lol #surprised,1
"If I'm not a #priority in ur #life, u #certainly shouldn't be #surprised that ur not a priority in mine, I #give what I #get . point simple",0
"#surprised If true, thereâ€™s finally a fun way to pass kidney stones.  ;)  http://www.kansas.com/news/local/article105204786.htmlÂ â€¦",1
"@TicTacIndia Aftr spending summer holidays at home whn i was going 2 my hostel,Tiger (my pet) didn't let me go #Surprised #TicTacCherryCola",1
@mrmissm @averydassey @ZellnerLaw You mean Pam? Everyone wonders the same thing. Seems it would be impossible & some1 is lying. #Surprised?,1
Irani muslims are ever good drinkers. #Surprised# https://twitter.com/TheEconomist/status/782073578258915328Â â€¦,1
"I am so down for whatever, but mostly I'm down for pizza.. - @GabbsFangman #surprised?",0
"Good God, Luke Cage is good!  #surprised",1
The old iPad was eligible for an OS update.#surprised,1
I am not #surprised that ex #PM of #finland #AlexanderStubb #goverment made a #decision to #give #russian #BUK info to #NATO coalition #mh17pic.twitter.com/gik1okLlEf,0
#Ghostbusters is a great movie. #surprised,1
When uve had a bad day & ur colleagues buy u  &wine then u leave work in u find ur bf outside & bought u a Macbook air #happy #surprised,1
Hey hillary they fact checked your fatty and she turned out to be as dishonest as you #surprised ?,0
#surprised Caffeineâ€¦ so good and so bad: http://medicalxpress.com/news/2016-09-caffeine-based-compounds-parkinson-disease.htmlÂ â€¦,1
Never expected to see @Joe_Sugg 's book in my small country: Mauritius! #joesugg #usernameregenerated #mauritius #surprised pic.twitter.com/HmCiZsGqCu,1
Teacher's day..#surprised,1
Can't say I'm #surprised.its a part of the larger #strategy #coming to a town like yours!https://twitter.com/sandratxas/status/781555540535148544Â â€¦,1
Husband baking biscuits. #surprised.#yummy#more often!!,1
@kylegriffin1 @baltimoresun Not #surprised that any literate responsible organization would support #Trump,1
Parents applying for schools when the kid is just a Zygote is a reality #surprisedhttp://www.telegraph.co.uk/education/educationnews/12165260/Mums-seeking-to-apply-to-private-school-before-they-have-even-conceived-heads-claim.htmlÂ â€¦,1
New #champayne #music coming so soon you may be #surprised get your  #vibe on people. #artist #unsigned #talent #singersongwriter #thursday,0
When he is #surprised!!! #GorillasInGroove #guitarist #mpâ€¦ https://www.instagram.com/p/BK8bVaTg7RCAqQY3EfWDS6y2oa4D5_l59LDtNM0/Â â€¦,0
I feel loved!!  I had a #lovenote waiting for me on my desk this morning.  #surprised https://www.instagram.com/p/BK8TMu6AsMG/Â ,1
Husband of the month goes to Justin! Thank you for the flowers! #surprised https://www.instagram.com/p/BK8QxX0B5nQ/Â ,1
#surprised 5-10% of children with HIV do not let the disease progress. http://medicalxpress.com/news/2016-09-children-hiv-treatments.htmlÂ â€¦,1
I actually look normal without makeup #surprised,1
@united airlines thank you again for another 9hr delay. We are about to leave Taiwan 6:40pm instead of 9:30am. #surprised when on time.,0
I'm beginning to like Jerry Springer. #Surprised https://twitter.com/EricWolfson/status/781126823870627840Â â€¦,1
@kburton_25 wait....you would describe yourself as shy? #Surprised pic.twitter.com/QSR83YLsMR,1
"Living in Calgary, if you'd asked me if Alberta had a religious hospital system, I would've said no way. #surprised https://twitter.com/Paulatics/status/781314741608284161Â â€¦",1
Met some cool people from England...They don't know who @StephenCurry30 is #surprised,1
@jtaboner thank you jacq! You made my day. I love you so much! #instagram #surprised,1
You would be #surprised how easy it is to make amazing creations using a little mainland magic http://goo.gl/BYj4O?G0gÂ ,0
Football coach Tommy Wright suspended over transfer bung claims #surprised  http://news.sky.com/story/football-coach-tommy-wright-suspended-over-transfer-bung-claims-10597497Â â€¦pic.twitter.com/M2sxUAFYXM,1
A gift from my husband #loveyoutoo #momlife #surprised https://www.instagram.com/p/BK6eLWkjTO5/Â ,1
Pair spotted taking bag holding pressure cooker in NYC now believed to be in Middle East - #Surprised?? https://apple.news/AW_lBkhhwTEe9X8irAHi8nAÂ â€¦,1
@NFAndraChansen @Refshaleoen Wow... #surprised  but congratz!,1
Why am I not #Surprised https://twitter.com/thomas1774paine/status/781029985486245888Â â€¦,0
My friend surprised me with this yummy salted caramel and banana cupcakes! #newfriends #Cupcakes #saltedcaramel #togood #surprised pic.twitter.com/ly6fDErwGs,1
"I gotta say, I'm #surprisedhttp://on.inc.com/2d2Wq6xÂ ",1
English classes are really fun.. I have to be honest I actually learned something today! #surprised #school,1
"So.. *someone* is rather fond of me, and listens quite well!  #Surprised #Gratefulpic.twitter.com/8Zw9pKvMED",1
What a true great show #kurios #CirqueDuSoleil #amazing #astonished pic.twitter.com/Sn53dnJ0c2,0
Tell us about something (positive) that's astonished you since becoming a business owner. #Astonished pic.twitter.com/vLsT9X0bHI,0
@Virgin_TrainsEC I have a similar reaction when you folks run on time #astonished.,1
It's been *sigh* T W E N T Y years... #astonished The Fresh Prince of Bel-Air #sitcom @nbc #belair #fresh #bourgeois #memories #smile #young,1
I can't believe I've gone a month without smoking #astonished https://twitter.com/ogchieffa/status/736999925691600898Â â€¦,1
"Hard to believe, but we met with someone today that hadn't heard of @RoyLilley - and yes, she did come from the UK! #astonished",1
"God, You are awesome. My brother is now a CFO/Group Controller. #astonished",1
New York City is incredible small. #astonished,1
First time hearing Trump speak #astonished #amazed #dumbfound #Debates2016,1
"The most impressive thing I've heard from Trump ever is that, unlike journalists, he knows difference between lectern and podium. #Shocked",1
I never would've guessed. #shocked  https://twitter.com/TheEllenShow/status/785968710783635456Â â€¦,1
Just learned there's a worse place than Kajaani  #shocked #NGS2016,1
Very sad news about Rebecca Wilson. She gave me my start at the Telegraph as a teenager - was always generous and great fun. #shocked,1
Wow! It is truly amazing how some people change. Some for the better and others... not so much. #shocked,1
This sport will always surprise me I guess that's why we all love it  and hate it at the same time . #shocked,1
Can't believe Pete cheated on megan #shocked,1
I didn't expect Samantha to get through #shocked #xfactor,1
I went to my first @nodoubt concert at 11 years old & here I am taking my 4 year old to her 1st @gwenstefani show. #fullcircle #incredible pic.twitter.com/TXrsvTp5bi,0
Saturday's 24 hour rainfall - #INCREDIBLE! #Matthewpic.twitter.com/QwuH0wMb8s,1
What an experience! AGS winners! #incredible #ThankYou @NASUWT @AGS_Englishpic.twitter.com/YtD1S9CQoG,1
"Absolutely amazing night at @theCentre for Mamma Mia. Danced, Sang, Laughed. #incredible .Thanks again @justaddspice  Well Done All",0
Morning people!  Day 2 here games already underway @banbridgehc Good luck to everyone at home in their games #incredible holds,0
Ok jus watched @WestworldHBO #mindblown congrats cast & crew #incredible,1
So proud to announce that Ashton one our 2nd year students has been selected to be part of the National Youth Dance Company #incredible,1
Latest article of Storm in the Horse & Hound.  The Sedbergh Team are so proud of you Storm #incredible achievements over the last few weeks pic.twitter.com/6hTNZHkgUL,0
To hell with the law! Kentucky gov encourages pastors to be openly political: http://wfpl.org/in-video-gov-bevin-calls-on-pastors-to-get-political/Â â€¦ #Incredible #Ignoretherules,1
The perfect way to end a night :) #donuts #incredible #downtown :) @ Birdies La https://www.instagram.com/p/BLDRd1rjCjF/Â ,0
"Going to church doesnâ€™t make you a Christian, anymore than standing in your garage makes you a car.HAPPY SUNDAY#OuttaMyLeague#Incredible",0
If you like #Facebook you'll #love this #incredible and #cool #bannerpic.twitter.com/zf2KPTG2mK,0
Wow. Egypt have 7 players in the Men's World Top 10!#ridiculous #incredible #achieve @psâ€¦ http://ift.tt/2dxZxjJÂ pic.twitter.com/LxrILWiPB1,1
#FingersCrossed 4 @FordPerformance & their #incredible #67FordGT - powered by #CastrolEDGE technology - at @IMSA's #PetitLeMans 10-hrs race.pic.twitter.com/UwItXuMrmZ,0
#shock the world  go Bolts spank the Donkeys. No one beats us with these dope uniforms. Feel the color rush,0
#SHOCK: Bob Dylan wins #Nobel #Literature Prize...https://www.yahoo.com/news/us-songwriter-bob-dylan-wins-nobel-literature-prize-111411379.htmlÂ â€¦,1
i love the look on people's face when they hear the name Hunter and look up to see me. #shock,0
This is literally the best of prez #debates that I've ever watched. It's like a Hip Hop Reality Show Reunion. #drama #clapback #shock #awe,1
Spent my night baby sitting my big brother @leeburnett17 #SHOCK,1
I absolutely love this photo!! Can you help me caption it? http://ow.ly/BZ1v304Gk5yÂ  #shock #fun #photographer,1
I'm sorry but I'm honestly in #shock about what happened to @KimKardashian how freaking scary!  #notfunny #kimrobbery,1
Wow I actually have a boyfriend on national boyfriend day #shock,1
.@aliciakeys #VoiceBlinds @blakeshelton #shock Congrats Blake. She is a star.,1
3-d-printed #Robots with #Shock #Absorbing #Skins #Mit #Csail 3-d-printed robots with shock absorbing #3d #Printing http://bit.ly/2dnmJ7CÂ ,0
31 degrees (87F) in Nashville today. Meanwhile it's 4 degrees (39) back here at home. #shock,1
#Terrible #shock' as #Florida man discovers he married granddaughter...No plans to divorce... http://www.independent.co.uk/news/world/americas/florida-millionaire-married-granddaughter-terrible-shock-a7341906.htmlÂ â€¦,1
Entertainer gets paid for entertaining #shock! https://twitter.com/crowdiegal/status/782746863162109952Â â€¦,0